{
  "worldtime.config.gametimey": {
    "key": "worldtime.config.gametimey",
    "toolTip": "worldtime.config.tt.offsettop",
    "value": 5,
    "defaultValue": 5,
    "minValue": 0,
    "maxValue": 100
  },
  "worldtime.config.coordsprefix": {
    "key": "worldtime.config.coordsprefix",
    "toolTip": "worldtime.config.tt.prefix",
    "value": "",
    "defaultValue": ""
  },
  "worldtime.config.gametimex": {
    "key": "worldtime.config.gametimex",
    "toolTip": "worldtime.config.tt.offsetleft",
    "value": 0,
    "defaultValue": 0,
    "minValue": 0,
    "maxValue": 100
  },
  "worldtime.config.gametimeprefix": {
    "key": "worldtime.config.gametimeprefix",
    "toolTip": "worldtime.config.tt.prefix",
    "value": "",
    "defaultValue": ""
  },
  "worldtime.config.realtime": {
    "key": "worldtime.config.realtime",
    "toolTip": "worldtime.config.tt.realtime",
    "value": false,
    "defaultValue": false
  },
  "worldtime.config.realtimeformat": {
    "key": "worldtime.config.realtimeformat",
    "toolTip": "worldtime.config.tt.realtimeformat",
    "value": "HH:mm:ss",
    "defaultValue": "HH:mm:ss"
  },
  "worldtime.config.coordsy": {
    "key": "worldtime.config.coordsy",
    "toolTip": "worldtime.config.tt.offsettop",
    "value": 10,
    "defaultValue": 10,
    "minValue": 0,
    "maxValue": 100
  },
  "worldtime.config.gametime": {
    "key": "worldtime.config.gametime",
    "toolTip": "worldtime.config.tt.gametime",
    "value": true,
    "defaultValue": true
  },
  "worldtime.config.coords": {
    "key": "worldtime.config.coords",
    "toolTip": "worldtime.config.tt.coords",
    "value": false,
    "defaultValue": false
  },
  "worldtime.config.coordsx": {
    "key": "worldtime.config.coordsx",
    "toolTip": "worldtime.config.tt.offsetleft",
    "value": 0,
    "defaultValue": 0,
    "minValue": 0,
    "maxValue": 100
  },
  "worldtime.config.realtimeprefix": {
    "key": "worldtime.config.realtimeprefix",
    "toolTip": "worldtime.config.tt.prefix",
    "value": "",
    "defaultValue": ""
  },
  "worldtime.config.realtimex": {
    "key": "worldtime.config.realtimex",
    "toolTip": "worldtime.config.tt.offsetleft",
    "value": 0,
    "defaultValue": 0,
    "minValue": 0,
    "maxValue": 100
  },
  "worldtime.config.realtimey": {
    "key": "worldtime.config.realtimey",
    "toolTip": "worldtime.config.tt.offsettop",
    "value": 10,
    "defaultValue": 10,
    "minValue": 0,
    "maxValue": 100
  },
  "worldtime.config.coordsformat": {
    "key": "worldtime.config.coordsformat",
    "toolTip": "worldtime.config.tt.coordformat",
    "value": "Position {X}/{Z} Height {Y}",
    "defaultValue": "Position {X}/{Z} Height {Y}"
  }
}