{
  "improvement": {
    "smaller_armor_offset[def: true]": true,
    "fog_density[def: 1.0]": 1.0
  },
  "egg_plant": {
    "mob_damage[def: true]": true,
    "player_damage[def: true]": true
  },
  "blocks": {
    "eyeball[def: true]": true,
    "eyeball_small[def: true]": true,
    "eye_vine[def: true]": true,
    "eye_seed[def: true]": true,
    "netherrack_moss[def: true]": true,
    "nether_grass[def: true]": true,
    "nether_reed[def: true]": true,
    "stalagnate_stem[def: true]": true,
    "stalagnate[def: true]": true,
    "stalagnate_seed[def: true]": true,
    "stalagnate_log[def: true]": true,
    "stalagnate_bark[def: true]": true,
    "stalagnate_planks[def: true]": true,
    "stalagnate_planks_stairs[def: true]": true,
    "stalagnate_planks_slab[def: true]": true,
    "stalagnate_planks_fence[def: true]": true,
    "stalagnate_planks_gate[def: true]": true,
    "stalagnate_planks_button[def: true]": true,
    "stalagnate_planks_plate[def: true]": true,
    "stalagnate_planks_trapdoor[def: true]": true,
    "stalagnate_planks_door[def: true]": true,
    "reeds_block[def: true]": true,
    "reeds_stairs[def: true]": true,
    "reeds_slab[def: true]": true,
    "reeds_fence[def: true]": true,
    "reeds_gate[def: true]": true,
    "reeds_button[def: true]": true,
    "reeds_plate[def: true]": true,
    "reeds_trapdoor[def: true]": true,
    "reeds_door[def: true]": true,
    "lucis_mushroom[def: true]": true,
    "lucis_spore[def: true]": true,
    "nether_cactus[def: true]": true,
    "wart_seed[def: true]": true,
    "barrel_cactus[def: true]": true,
    "agave[def: true]": true,
    "black_bush[def: true]": true,
    "ink_bush[def: true]": true,
    "ink_bush_seed[def: true]": true,
    "smoker[def: true]": true,
    "egg_plant[def: true]": true,
    "black_apple[def: true]": true,
    "black_apple_seed[def: true]": true,
    "magma_flower[def: true]": true,
    "nether_mycelium[def: true]": true,
    "red_large_mushroom[def: true]": true,
    "brown_large_mushroom[def: true]": true,
    "orange_mushroom[def: true]": true,
    "red_mold[def: true]": true,
    "gray_mold[def: true]": true,
    "cincinnasite_ore[def: true]": true,
    "cincinnasite_block[def: true]": true,
    "cincinnasite_forged[def: true]": true,
    "cincinnasite_pillar[def: true]": true,
    "cincinnasite_bricks[def: true]": true,
    "cincinnasite_brick_plate[def: true]": true,
    "cincinnasite_stairs[def: true]": true,
    "cincinnasite_slab[def: true]": true,
    "cincinnasite_button[def: true]": true,
    "cincinnasite_plate[def: true]": true,
    "cincinnasite_lantern[def: true]": true,
    "cincinnasite_tile_large[def: true]": true,
    "cincinnasite_tile_small[def: true]": true,
    "cincinnasite_carved[def: true]": true,
    "nether_brick_tile_large[def: true]": true,
    "nether_brick_tile_small[def: true]": true,
    "cincinnasite_wall[def: true]": true,
    "bone_block[def: true]": true,
    "bone_stairs[def: true]": true,
    "bone_slab[def: true]": true,
    "bone_button[def: true]": true,
    "bone_plate[def: true]": true,
    "cincinnasite_fire_bowl[def: true]": true,
    "bone_wall[def: true]": true,
    "nether_brick_wall[def: true]": true,
    "nether_brick_tile_slab[def: true]": true,
    "nether_brick_tile_stairs[def: true]": true,
    "bone_mushroom[def: true]": true,
    "reeds_ladder[def: true]": true,
    "cincinnasite_bricks_pillar[def: true]": true,
    "bone_tile[def: true]": true,
    "cincinnasite_pedestal[def: true]": true,
    "pig_statue_respawner[def: true]": true,
    "cincinnasite_pot[def: true]": true,
    "potted_plant[def: true]": true,
    "cincinnasite_frame[def: true]": true,
    "quartz_glass[def: true]": true,
    "quartz_glass_framed[def: true]": true,
    "quartz_glass_white[def: true]": true,
    "quartz_glass_orange[def: true]": true,
    "quartz_glass_magenta[def: true]": true,
    "quartz_glass_light_blue[def: true]": true,
    "quartz_glass_yellow[def: true]": true,
    "quartz_glass_lime[def: true]": true,
    "quartz_glass_pink[def: true]": true,
    "quartz_glass_gray[def: true]": true,
    "quartz_glass_light_gray[def: true]": true,
    "quartz_glass_cyan[def: true]": true,
    "quartz_glass_purple[def: true]": true,
    "quartz_glass_blue[def: true]": true,
    "quartz_glass_brown[def: true]": true,
    "quartz_glass_green[def: true]": true,
    "quartz_glass_red[def: true]": true,
    "quartz_glass_black[def: true]": true,
    "cincinnasite_bars[def: true]": true,
    "quartz_glass_pane[def: true]": true,
    "quartz_glass_framed_pane[def: true]": true,
    "cincinnasite_forge[def: true]": true,
    "netherrack_furnace[def: true]": true,
    "bone_reed_door[def: true]": true,
    "bone_cincinnasite_door[def: true]": true,
    "quartz_glass_framed_white[def: true]": true,
    "quartz_glass_framed_orange[def: true]": true,
    "quartz_glass_framed_magenta[def: true]": true,
    "quartz_glass_framed_light_blue[def: true]": true,
    "quartz_glass_framed_yellow[def: true]": true,
    "quartz_glass_framed_lime[def: true]": true,
    "quartz_glass_framed_pink[def: true]": true,
    "quartz_glass_framed_gray[def: true]": true,
    "quartz_glass_framed_light_gray[def: true]": true,
    "quartz_glass_framed_cyan[def: true]": true,
    "quartz_glass_framed_purple[def: true]": true,
    "quartz_glass_framed_blue[def: true]": true,
    "quartz_glass_framed_brown[def: true]": true,
    "quartz_glass_framed_green[def: true]": true,
    "quartz_glass_framed_red[def: true]": true,
    "quartz_glass_framed_black[def: true]": true,
    "stalagnate_bowl[def: true]": true,
    "chest_of_drawers[def: true]": true,
    "farmland[def: true]": true,
    "willow_branch[def: true]": true,
    "willow_leaves[def: true]": true,
    "willow_trunk[def: true]": true,
    "willow_log[def: true]": true,
    "willow_bark[def: true]": true,
    "willow_sapling[def: true]": true,
    "swamp_grass[def: true]": true,
    "willow_planks[def: true]": true,
    "willow_stairs[def: true]": true,
    "willow_slab[def: true]": true,
    "willow_fence[def: true]": true,
    "willow_gate[def: true]": true,
    "willow_button[def: true]": true,
    "willow_plate[def: true]": true,
    "willow_trapdoor[def: true]": true,
    "willow_door[def: true]": true,
    "wart_planks[def: true]": true,
    "wart_stairs[def: true]": true,
    "wart_slab[def: true]": true,
    "wart_fence[def: true]": true,
    "wart_gate[def: true]": true,
    "wart_button[def: true]": true,
    "wart_plate[def: true]": true,
    "wart_trapdoor[def: true]": true,
    "wart_door[def: true]": true,
    "black_vine[def: true]": true,
    "veined_sand[def: true]": true,
    "soul_vein[def: true]": true,
    "blooming_vine[def: true]": true,
    "golden_vine[def: true]": true,
    "geyser[def: true]": true,
    "mushroom_stem[def: true]": true,
    "mushroom_planks[def: true]": true,
    "mushroom_stairs[def: true]": true,
    "mushroom_slab[def: true]": true,
    "mushroom_fence[def: true]": true,
    "mushroom_gate[def: true]": true,
    "mushroom_button[def: true]": true,
    "mushroom_plate[def: true]": true,
    "mushroom_trapdoor[def: true]": true,
    "mushroom_door[def: true]": true,
    "cincinnasite_lantern_small[def: true]": true,
    "quartz_glass_pane_white[def: true]": true,
    "quartz_glass_pane_orange[def: true]": true,
    "quartz_glass_pane_magenta[def: true]": true,
    "quartz_glass_pane_light_blue[def: true]": true,
    "quartz_glass_pane_yellow[def: true]": true,
    "quartz_glass_pane_lime[def: true]": true,
    "quartz_glass_pane_pink[def: true]": true,
    "quartz_glass_pane_gray[def: true]": true,
    "quartz_glass_pane_light_gray[def: true]": true,
    "quartz_glass_pane_cyan[def: true]": true,
    "quartz_glass_pane_purple[def: true]": true,
    "quartz_glass_pane_blue[def: true]": true,
    "quartz_glass_pane_brown[def: true]": true,
    "quartz_glass_pane_green[def: true]": true,
    "quartz_glass_pane_red[def: true]": true,
    "quartz_glass_pane_black[def: true]": true,
    "quartz_glass_framed_pane_white[def: true]": true,
    "quartz_glass_framed_pane_orange[def: true]": true,
    "quartz_glass_framed_pane_magenta[def: true]": true,
    "quartz_glass_framed_pane_light_blue[def: true]": true,
    "quartz_glass_framed_pane_yellow[def: true]": true,
    "quartz_glass_framed_pane_lime[def: true]": true,
    "quartz_glass_framed_pane_pink[def: true]": true,
    "quartz_glass_framed_pane_gray[def: true]": true,
    "quartz_glass_framed_pane_light_gray[def: true]": true,
    "quartz_glass_framed_pane_cyan[def: true]": true,
    "quartz_glass_framed_pane_purple[def: true]": true,
    "quartz_glass_framed_pane_blue[def: true]": true,
    "quartz_glass_framed_pane_brown[def: true]": true,
    "quartz_glass_framed_pane_green[def: true]": true,
    "quartz_glass_framed_pane_red[def: true]": true,
    "quartz_glass_framed_pane_black[def: true]": true,
    "soul_lily[def: true]": true,
    "soul_lily_sapling[def: true]": true,
    "soul_grass[def: true]": true,
    "wart_log[def: true]": true,
    "wart_bark[def: true]": true,
    "wart_roots[def: true]": true,
    "wall_moss[def: true]": true,
    "wall_mushroom_brown[def: true]": true,
    "wall_mushroom_red[def: true]": true,
    "roof_tile_reeds[def: true]": true,
    "roof_tile_reeds_stairs[def: true]": true,
    "roof_tile_reeds_slab[def: true]": true,
    "roof_tile_stalagnate[def: true]": true,
    "roof_tile_stalagnate_stairs[def: true]": true,
    "roof_tile_stalagnate_slab[def: true]": true,
    "roof_tile_nether_bricks[def: true]": true,
    "roof_tile_nether_bricks_stairs[def: true]": true,
    "roof_tile_nether_bricks_slab[def: true]": true,
    "roof_tile_cincinnasite[def: true]": true,
    "roof_tile_cincinnasite_stairs[def: true]": true,
    "roof_tile_cincinnasite_slab[def: true]": true,
    "roof_tile_willow[def: true]": true,
    "roof_tile_willow_stairs[def: true]": true,
    "roof_tile_willow_slab[def: true]": true,
    "roof_tile_wart[def: true]": true,
    "roof_tile_wart_stairs[def: true]": true,
    "roof_tile_wart_slab[def: true]": true,
    "taburet_reeds[def: true]": true,
    "taburet_stalagnate[def: true]": true,
    "taburet_willow[def: true]": true,
    "taburet_wart[def: true]": true,
    "taburet_cincinnasite[def: true]": true,
    "stalagnate_ladder[def: true]": true,
    "willow_ladder[def: true]": true,
    "wart_ladder[def: true]": true,
    "chair_reeds[def: true]": true,
    "chair_stalagnate[def: true]": true,
    "chair_willow[def: true]": true,
    "chair_wart[def: true]": true,
    "chair_cincinnasite[def: true]": true,
    "striped_log_stalagnate[def: true]": true,
    "striped_log_willow[def: true]": true,
    "striped_log_wart[def: true]": true,
    "striped_bark_stalagnate[def: true]": true,
    "striped_bark_willow[def: true]": true,
    "striped_bark_wart[def: true]": true
  },
  "generator_empty_nether": {
    "cap_gen_density[def: 0.8]": 0.8,
    "cap_gen_limit[def: true]": true,
    "structures": [
      "name: altar_01; offset: -2; type: floor; chance: 1.000000",
      "name: altar_02; offset: -4; type: floor; chance: 1.000000",
      "name: altar_03; offset: -3; type: floor; chance: 1.000000",
      "name: altar_04; offset: -3; type: floor; chance: 1.000000",
      "name: altar_05; offset: -2; type: floor; chance: 1.000000",
      "name: altar_06; offset: -2; type: floor; chance: 1.000000",
      "name: altar_07; offset: -2; type: floor; chance: 1.000000",
      "name: altar_08; offset: -2; type: floor; chance: 1.000000",
      "name: portal_01; offset: -4; type: floor; chance: 1.000000",
      "name: portal_02; offset: -3; type: floor; chance: 1.000000",
      "name: garden_01; offset: -3; type: floor; chance: 1.000000",
      "name: garden_02; offset: -2; type: floor; chance: 1.000000",
      "name: pillar_01; offset: -1; type: floor; chance: 1.000000",
      "name: pillar_02; offset: -1; type: floor; chance: 1.000000",
      "name: pillar_03; offset: -1; type: floor; chance: 1.000000",
      "name: pillar_04; offset: -1; type: floor; chance: 1.000000",
      "name: pillar_05; offset: -1; type: floor; chance: 1.000000",
      "name: pillar_06; offset: -1; type: floor; chance: 1.000000",
      "name: respawn_point_01; offset: -3; type: floor; chance: 1.000000",
      "name: respawn_point_02; offset: -2; type: floor; chance: 1.000000",
      "name: respawn_point_03; offset: -3; type: floor; chance: 1.000000",
      "name: respawn_point_04; offset: -2; type: floor; chance: 1.000000",
      "name: spawn_altar_ladder; offset: -2; type: floor; chance: 1.000000"
    ]
  },
  "generator_gravel_desert": {
    "cap_gen_density[def: 0.8]": 0.8,
    "cap_gen_limit[def: true]": true,
    "nether_cactus_density[def: 0.02]": 0.02,
    "nether_cactus_limit[def: true]": true,
    "agave_density[def: 0.02]": 0.02,
    "agave_limit[def: true]": true,
    "barrel_cactus_density[def: 0.02]": 0.02,
    "barrel_cactus_limit[def: true]": true,
    "structures": [
      "name: altar_01; offset: -2; type: floor; chance: 1.000000",
      "name: altar_02; offset: -4; type: floor; chance: 1.000000",
      "name: altar_03; offset: -3; type: floor; chance: 1.000000",
      "name: altar_04; offset: -3; type: floor; chance: 1.000000",
      "name: altar_05; offset: -2; type: floor; chance: 1.000000",
      "name: altar_06; offset: -2; type: floor; chance: 1.000000",
      "name: altar_07; offset: -2; type: floor; chance: 1.000000",
      "name: altar_08; offset: -2; type: floor; chance: 1.000000",
      "name: portal_01; offset: -4; type: floor; chance: 1.000000",
      "name: portal_02; offset: -3; type: floor; chance: 1.000000",
      "name: garden_01; offset: -3; type: floor; chance: 1.000000",
      "name: garden_02; offset: -2; type: floor; chance: 1.000000",
      "name: pillar_01; offset: -1; type: floor; chance: 1.000000",
      "name: pillar_02; offset: -1; type: floor; chance: 1.000000",
      "name: pillar_03; offset: -1; type: floor; chance: 1.000000",
      "name: pillar_04; offset: -1; type: floor; chance: 1.000000",
      "name: pillar_05; offset: -1; type: floor; chance: 1.000000",
      "name: pillar_06; offset: -1; type: floor; chance: 1.000000",
      "name: respawn_point_01; offset: -3; type: floor; chance: 1.000000",
      "name: respawn_point_02; offset: -2; type: floor; chance: 1.000000",
      "name: respawn_point_03; offset: -3; type: floor; chance: 1.000000",
      "name: respawn_point_04; offset: -2; type: floor; chance: 1.000000",
      "name: spawn_altar_ladder; offset: -2; type: floor; chance: 1.000000"
    ]
  },
  "generator_nether_jungle": {
    "cap_gen_density[def: 0.8]": 0.8,
    "cap_gen_limit[def: true]": true,
    "nether_reed_density[def: 0.5]": 0.5,
    "nether_reed_limit[def: false]": false,
    "stalagnate_density[def: 0.2]": 0.2,
    "stalagnate_limit[def: false]": false,
    "magma_flower_density[def: 0.5]": 0.5,
    "magma_flower_limit[def: false]": false,
    "egg_plant_density[def: 0.05]": 0.05,
    "egg_plant_limit[def: false]": false,
    "nether_grass_density[def: 0.1]": 0.1,
    "nether_grass_limit[def: false]": false,
    "lucis_density[def: 0.05]": 0.05,
    "lucis_limit[def: false]": false,
    "eye_density[def: 0.4]": 0.4,
    "eye_limit[def: true]": true,
    "black_vine_density[def: 0.4]": 0.4,
    "black_vine_limit[def: true]": true,
    "golden_vine_density[def: 0.4]": 0.4,
    "golden_vine_limit[def: true]": true,
    "flowered_vine_density[def: 0.4]": 0.4,
    "flowered_vine_limit[def: true]": true,
    "wall_moss_density[def: 0.8]": 0.8,
    "wall_moss_limit[def: true]": true,
    "wall_red_mushroom_density[def: 0.8]": 0.8,
    "wall_red_mushroom_limit[def: true]": true,
    "wall_brown_mushroom_density[def: 0.8]": 0.8,
    "wall_brown_mushroom_limit[def: true]": true,
    "structures": [
      "name: altar_01; offset: -2; type: floor; chance: 1.000000",
      "name: altar_02; offset: -4; type: floor; chance: 1.000000",
      "name: altar_03; offset: -3; type: floor; chance: 1.000000",
      "name: altar_04; offset: -3; type: floor; chance: 1.000000",
      "name: altar_05; offset: -2; type: floor; chance: 1.000000",
      "name: altar_06; offset: -2; type: floor; chance: 1.000000",
      "name: altar_07; offset: -2; type: floor; chance: 1.000000",
      "name: altar_08; offset: -2; type: floor; chance: 1.000000",
      "name: portal_01; offset: -4; type: floor; chance: 1.000000",
      "name: portal_02; offset: -3; type: floor; chance: 1.000000",
      "name: garden_01; offset: -3; type: floor; chance: 1.000000",
      "name: garden_02; offset: -2; type: floor; chance: 1.000000",
      "name: pillar_01; offset: -1; type: floor; chance: 1.000000",
      "name: pillar_02; offset: -1; type: floor; chance: 1.000000",
      "name: pillar_03; offset: -1; type: floor; chance: 1.000000",
      "name: pillar_04; offset: -1; type: floor; chance: 1.000000",
      "name: pillar_05; offset: -1; type: floor; chance: 1.000000",
      "name: pillar_06; offset: -1; type: floor; chance: 1.000000",
      "name: respawn_point_01; offset: -3; type: floor; chance: 1.000000",
      "name: respawn_point_02; offset: -2; type: floor; chance: 1.000000",
      "name: respawn_point_03; offset: -3; type: floor; chance: 1.000000",
      "name: respawn_point_04; offset: -2; type: floor; chance: 1.000000",
      "name: spawn_altar_ladder; offset: -2; type: floor; chance: 1.000000",
      "name: ruined_temple; offset: -4; type: floor; chance: 10.000000"
    ]
  },
  "generator_wart_forest": {
    "cap_gen_density[def: 0.8]": 0.8,
    "cap_gen_limit[def: true]": true,
    "wart_tree_density[def: 0.05]": 0.05,
    "wart_tree_limit[def: false]": false,
    "nether_wart_density[def: 0.2]": 0.2,
    "nether_wart_limit[def: false]": false,
    "wart_seed_density[def: 0.05]": 0.05,
    "wart_seed_limit[def: false]": false,
    "black_bush_density[def: 0.05]": 0.05,
    "black_bush_limit[def: false]": false,
    "soul_lily_1_density[def: 0.2]": 0.2,
    "soul_lily_1_limit[def: true]": true,
    "soul_lily_2_density[def: 0.1]": 0.1,
    "soul_lily_2_limit[def: true]": true,
    "soul_lily_3_density[def: 0.05]": 0.05,
    "soul_lily_3_limit[def: true]": true,
    "structures": [
      "name: altar_01; offset: -2; type: floor; chance: 1.000000",
      "name: altar_02; offset: -4; type: floor; chance: 1.000000",
      "name: altar_03; offset: -3; type: floor; chance: 1.000000",
      "name: altar_04; offset: -3; type: floor; chance: 1.000000",
      "name: altar_05; offset: -2; type: floor; chance: 1.000000",
      "name: altar_06; offset: -2; type: floor; chance: 1.000000",
      "name: altar_07; offset: -2; type: floor; chance: 1.000000",
      "name: altar_08; offset: -2; type: floor; chance: 1.000000",
      "name: portal_01; offset: -4; type: floor; chance: 1.000000",
      "name: portal_02; offset: -3; type: floor; chance: 1.000000",
      "name: garden_01; offset: -3; type: floor; chance: 1.000000",
      "name: garden_02; offset: -2; type: floor; chance: 1.000000",
      "name: pillar_01; offset: -1; type: floor; chance: 1.000000",
      "name: pillar_02; offset: -1; type: floor; chance: 1.000000",
      "name: pillar_03; offset: -1; type: floor; chance: 1.000000",
      "name: pillar_04; offset: -1; type: floor; chance: 1.000000",
      "name: pillar_05; offset: -1; type: floor; chance: 1.000000",
      "name: pillar_06; offset: -1; type: floor; chance: 1.000000",
      "name: respawn_point_01; offset: -3; type: floor; chance: 1.000000",
      "name: respawn_point_02; offset: -2; type: floor; chance: 1.000000",
      "name: respawn_point_03; offset: -3; type: floor; chance: 1.000000",
      "name: respawn_point_04; offset: -2; type: floor; chance: 1.000000",
      "name: spawn_altar_ladder; offset: -2; type: floor; chance: 1.000000"
    ]
  },
  "generator_nether_grasslands": {
    "cap_gen_density[def: 0.8]": 0.8,
    "cap_gen_limit[def: true]": true,
    "nether_reed_density[def: 0.5]": 0.5,
    "nether_reed_limit[def: false]": false,
    "nether_wart_density[def: 0.05]": 0.05,
    "nether_wart_limit[def: false]": false,
    "magma_flower_density[def: 0.5]": 0.5,
    "magma_flower_limit[def: false]": false,
    "smoker_density[def: 0.05]": 0.05,
    "smoker_limit[def: false]": false,
    "ink_bush_density[def: 0.05]": 0.05,
    "ink_bush_limit[def: false]": false,
    "black_apple_density[def: 0.01]": 0.01,
    "black_apple_limit[def: false]": false,
    "black_bush_density[def: 0.02]": 0.02,
    "black_bush_limit[def: false]": false,
    "wart_seed_density[def: 0.02]": 0.02,
    "wart_seed_limit[def: false]": false,
    "nether_grass_density[def: 0.4]": 0.4,
    "nether_grass_limit[def: false]": false,
    "wall_moss_density[def: 0.8]": 0.8,
    "wall_moss_limit[def: true]": true,
    "wall_red_mushroom_density[def: 0.8]": 0.8,
    "wall_red_mushroom_limit[def: true]": true,
    "wall_brown_mushroom_density[def: 0.8]": 0.8,
    "wall_brown_mushroom_limit[def: true]": true,
    "structures": [
      "name: altar_01; offset: -2; type: floor; chance: 1.000000",
      "name: altar_02; offset: -4; type: floor; chance: 1.000000",
      "name: altar_03; offset: -3; type: floor; chance: 1.000000",
      "name: altar_04; offset: -3; type: floor; chance: 1.000000",
      "name: altar_05; offset: -2; type: floor; chance: 1.000000",
      "name: altar_06; offset: -2; type: floor; chance: 1.000000",
      "name: altar_07; offset: -2; type: floor; chance: 1.000000",
      "name: altar_08; offset: -2; type: floor; chance: 1.000000",
      "name: portal_01; offset: -4; type: floor; chance: 1.000000",
      "name: portal_02; offset: -3; type: floor; chance: 1.000000",
      "name: garden_01; offset: -3; type: floor; chance: 1.000000",
      "name: garden_02; offset: -2; type: floor; chance: 1.000000",
      "name: pillar_01; offset: -1; type: floor; chance: 1.000000",
      "name: pillar_02; offset: -1; type: floor; chance: 1.000000",
      "name: pillar_03; offset: -1; type: floor; chance: 1.000000",
      "name: pillar_04; offset: -1; type: floor; chance: 1.000000",
      "name: pillar_05; offset: -1; type: floor; chance: 1.000000",
      "name: pillar_06; offset: -1; type: floor; chance: 1.000000",
      "name: respawn_point_01; offset: -3; type: floor; chance: 1.000000",
      "name: respawn_point_02; offset: -2; type: floor; chance: 1.000000",
      "name: respawn_point_03; offset: -3; type: floor; chance: 1.000000",
      "name: respawn_point_04; offset: -2; type: floor; chance: 1.000000",
      "name: spawn_altar_ladder; offset: -2; type: floor; chance: 1.000000"
    ]
  },
  "generator_nether_mushroom_forest": {
    "cap_gen_density[def: 0.8]": 0.8,
    "cap_gen_limit[def: true]": true,
    "large_red_mushroom_density[def: 0.15]": 0.15,
    "large_red_mushroom_limit[def: false]": false,
    "large_brown_mushroom_density[def: 0.15]": 0.15,
    "large_brown_mushroom_limit[def: false]": false,
    "vanilla_mushrooms_density[def: 0.1]": 0.1,
    "vanilla_mushrooms_limit[def: false]": false,
    "orange_mushroom_density[def: 0.2]": 0.2,
    "orange_mushroom_limit[def: false]": false,
    "red_mold_density[def: 0.3]": 0.3,
    "red_mold_limit[def: false]": false,
    "gray_mold_density[def: 0.3]": 0.3,
    "gray_mold_limit[def: false]": false,
    "lucis_density[def: 0.05]": 0.05,
    "lucis_limit[def: false]": false,
    "wall_red_mushroom_density[def: 0.8]": 0.8,
    "wall_red_mushroom_limit[def: true]": true,
    "wall_brown_mushroom_density[def: 0.8]": 0.8,
    "wall_brown_mushroom_limit[def: true]": true,
    "structures": [
      "name: altar_01; offset: -2; type: floor; chance: 1.000000",
      "name: altar_02; offset: -4; type: floor; chance: 1.000000",
      "name: altar_03; offset: -3; type: floor; chance: 1.000000",
      "name: altar_04; offset: -3; type: floor; chance: 1.000000",
      "name: altar_05; offset: -2; type: floor; chance: 1.000000",
      "name: altar_06; offset: -2; type: floor; chance: 1.000000",
      "name: altar_07; offset: -2; type: floor; chance: 1.000000",
      "name: altar_08; offset: -2; type: floor; chance: 1.000000",
      "name: portal_01; offset: -4; type: floor; chance: 1.000000",
      "name: portal_02; offset: -3; type: floor; chance: 1.000000",
      "name: garden_01; offset: -3; type: floor; chance: 1.000000",
      "name: garden_02; offset: -2; type: floor; chance: 1.000000",
      "name: pillar_01; offset: -1; type: floor; chance: 1.000000",
      "name: pillar_02; offset: -1; type: floor; chance: 1.000000",
      "name: pillar_03; offset: -1; type: floor; chance: 1.000000",
      "name: pillar_04; offset: -1; type: floor; chance: 1.000000",
      "name: pillar_05; offset: -1; type: floor; chance: 1.000000",
      "name: pillar_06; offset: -1; type: floor; chance: 1.000000",
      "name: respawn_point_01; offset: -3; type: floor; chance: 1.000000",
      "name: respawn_point_02; offset: -2; type: floor; chance: 1.000000",
      "name: respawn_point_03; offset: -3; type: floor; chance: 1.000000",
      "name: respawn_point_04; offset: -2; type: floor; chance: 1.000000",
      "name: spawn_altar_ladder; offset: -2; type: floor; chance: 1.000000"
    ]
  },
  "generator_nether_mushroom_forest_edge": {
    "cap_gen_density[def: 0.8]": 0.8,
    "cap_gen_limit[def: true]": true,
    "orange_mushroom_density[def: 0.05]": 0.05,
    "orange_mushroom_limit[def: false]": false,
    "vanilla_mushrooms_density[def: 0.1]": 0.1,
    "vanilla_mushrooms_limit[def: false]": false,
    "red_mold_density[def: 0.3]": 0.3,
    "red_mold_limit[def: false]": false,
    "gray_mold_density[def: 0.3]": 0.3,
    "gray_mold_limit[def: false]": false,
    "structures": [
      "name: altar_01; offset: -2; type: floor; chance: 1.000000",
      "name: altar_02; offset: -4; type: floor; chance: 1.000000",
      "name: altar_03; offset: -3; type: floor; chance: 1.000000",
      "name: altar_04; offset: -3; type: floor; chance: 1.000000",
      "name: altar_05; offset: -2; type: floor; chance: 1.000000",
      "name: altar_06; offset: -2; type: floor; chance: 1.000000",
      "name: altar_07; offset: -2; type: floor; chance: 1.000000",
      "name: altar_08; offset: -2; type: floor; chance: 1.000000",
      "name: portal_01; offset: -4; type: floor; chance: 1.000000",
      "name: portal_02; offset: -3; type: floor; chance: 1.000000",
      "name: garden_01; offset: -3; type: floor; chance: 1.000000",
      "name: garden_02; offset: -2; type: floor; chance: 1.000000",
      "name: pillar_01; offset: -1; type: floor; chance: 1.000000",
      "name: pillar_02; offset: -1; type: floor; chance: 1.000000",
      "name: pillar_03; offset: -1; type: floor; chance: 1.000000",
      "name: pillar_04; offset: -1; type: floor; chance: 1.000000",
      "name: pillar_05; offset: -1; type: floor; chance: 1.000000",
      "name: pillar_06; offset: -1; type: floor; chance: 1.000000",
      "name: respawn_point_01; offset: -3; type: floor; chance: 1.000000",
      "name: respawn_point_02; offset: -2; type: floor; chance: 1.000000",
      "name: respawn_point_03; offset: -3; type: floor; chance: 1.000000",
      "name: respawn_point_04; offset: -2; type: floor; chance: 1.000000",
      "name: spawn_altar_ladder; offset: -2; type: floor; chance: 1.000000"
    ]
  },
  "generator_nether_wart_forest_edge": {
    "cap_gen_density[def: 0.8]": 0.8,
    "cap_gen_limit[def: true]": true,
    "nether_wart_density[def: 0.02]": 0.02,
    "nether_wart_limit[def: false]": false,
    "wart_seed_density[def: 0.01]": 0.01,
    "wart_seed_limit[def: false]": false,
    "black_bush_density[def: 0.01]": 0.01,
    "black_bush_limit[def: false]": false,
    "structures": [
      "name: altar_01; offset: -2; type: floor; chance: 1.000000",
      "name: altar_02; offset: -4; type: floor; chance: 1.000000",
      "name: altar_03; offset: -3; type: floor; chance: 1.000000",
      "name: altar_04; offset: -3; type: floor; chance: 1.000000",
      "name: altar_05; offset: -2; type: floor; chance: 1.000000",
      "name: altar_06; offset: -2; type: floor; chance: 1.000000",
      "name: altar_07; offset: -2; type: floor; chance: 1.000000",
      "name: altar_08; offset: -2; type: floor; chance: 1.000000",
      "name: portal_01; offset: -4; type: floor; chance: 1.000000",
      "name: portal_02; offset: -3; type: floor; chance: 1.000000",
      "name: garden_01; offset: -3; type: floor; chance: 1.000000",
      "name: garden_02; offset: -2; type: floor; chance: 1.000000",
      "name: pillar_01; offset: -1; type: floor; chance: 1.000000",
      "name: pillar_02; offset: -1; type: floor; chance: 1.000000",
      "name: pillar_03; offset: -1; type: floor; chance: 1.000000",
      "name: pillar_04; offset: -1; type: floor; chance: 1.000000",
      "name: pillar_05; offset: -1; type: floor; chance: 1.000000",
      "name: pillar_06; offset: -1; type: floor; chance: 1.000000",
      "name: respawn_point_01; offset: -3; type: floor; chance: 1.000000",
      "name: respawn_point_02; offset: -2; type: floor; chance: 1.000000",
      "name: respawn_point_03; offset: -3; type: floor; chance: 1.000000",
      "name: respawn_point_04; offset: -2; type: floor; chance: 1.000000",
      "name: spawn_altar_ladder; offset: -2; type: floor; chance: 1.000000"
    ]
  },
  "generator_bone_reef": {
    "cap_gen_density[def: 0.8]": 0.8,
    "cap_gen_limit[def: true]": true,
    "bone_reef_density[def: 0.2]": 0.2,
    "bone_reef_limit[def: true]": true,
    "nether_grass_density[def: 0.4]": 0.4,
    "nether_grass_limit[def: false]": false,
    "structures": [
      "name: altar_01; offset: -2; type: floor; chance: 1.000000",
      "name: altar_02; offset: -4; type: floor; chance: 1.000000",
      "name: altar_03; offset: -3; type: floor; chance: 1.000000",
      "name: altar_04; offset: -3; type: floor; chance: 1.000000",
      "name: altar_05; offset: -2; type: floor; chance: 1.000000",
      "name: altar_06; offset: -2; type: floor; chance: 1.000000",
      "name: altar_07; offset: -2; type: floor; chance: 1.000000",
      "name: altar_08; offset: -2; type: floor; chance: 1.000000",
      "name: portal_01; offset: -4; type: floor; chance: 1.000000",
      "name: portal_02; offset: -3; type: floor; chance: 1.000000",
      "name: garden_01; offset: -3; type: floor; chance: 1.000000",
      "name: garden_02; offset: -2; type: floor; chance: 1.000000",
      "name: pillar_01; offset: -1; type: floor; chance: 1.000000",
      "name: pillar_02; offset: -1; type: floor; chance: 1.000000",
      "name: pillar_03; offset: -1; type: floor; chance: 1.000000",
      "name: pillar_04; offset: -1; type: floor; chance: 1.000000",
      "name: pillar_05; offset: -1; type: floor; chance: 1.000000",
      "name: pillar_06; offset: -1; type: floor; chance: 1.000000",
      "name: respawn_point_01; offset: -3; type: floor; chance: 1.000000",
      "name: respawn_point_02; offset: -2; type: floor; chance: 1.000000",
      "name: respawn_point_03; offset: -3; type: floor; chance: 1.000000",
      "name: respawn_point_04; offset: -2; type: floor; chance: 1.000000",
      "name: spawn_altar_ladder; offset: -2; type: floor; chance: 1.000000"
    ]
  },
  "generator_poor_nether_grasslands": {
    "cap_gen_density[def: 0.8]": 0.8,
    "cap_gen_limit[def: true]": true,
    "nether_reed_density[def: 0.05]": 0.05,
    "nether_reed_limit[def: false]": false,
    "nether_wart_density[def: 0.005]": 0.005,
    "nether_wart_limit[def: false]": false,
    "magma_flower_density[def: 0.05]": 0.05,
    "magma_flower_limit[def: false]": false,
    "smoker_density[def: 0.005]": 0.005,
    "smoker_limit[def: false]": false,
    "ink_bush_density[def: 0.005]": 0.005,
    "ink_bush_limit[def: false]": false,
    "black_apple_density[def: 0.001]": 0.001,
    "black_apple_limit[def: false]": false,
    "black_bush_density[def: 0.002]": 0.002,
    "black_bush_limit[def: false]": false,
    "wart_seed_density[def: 0.002]": 0.002,
    "wart_seed_limit[def: false]": false,
    "nether_grass_density[def: 0.04]": 0.04,
    "nether_grass_limit[def: false]": false,
    "structures": [
      "name: altar_01; offset: -2; type: floor; chance: 1.000000",
      "name: altar_02; offset: -4; type: floor; chance: 1.000000",
      "name: altar_03; offset: -3; type: floor; chance: 1.000000",
      "name: altar_04; offset: -3; type: floor; chance: 1.000000",
      "name: altar_05; offset: -2; type: floor; chance: 1.000000",
      "name: altar_06; offset: -2; type: floor; chance: 1.000000",
      "name: altar_07; offset: -2; type: floor; chance: 1.000000",
      "name: altar_08; offset: -2; type: floor; chance: 1.000000",
      "name: portal_01; offset: -4; type: floor; chance: 1.000000",
      "name: portal_02; offset: -3; type: floor; chance: 1.000000",
      "name: garden_01; offset: -3; type: floor; chance: 1.000000",
      "name: garden_02; offset: -2; type: floor; chance: 1.000000",
      "name: pillar_01; offset: -1; type: floor; chance: 1.000000",
      "name: pillar_02; offset: -1; type: floor; chance: 1.000000",
      "name: pillar_03; offset: -1; type: floor; chance: 1.000000",
      "name: pillar_04; offset: -1; type: floor; chance: 1.000000",
      "name: pillar_05; offset: -1; type: floor; chance: 1.000000",
      "name: pillar_06; offset: -1; type: floor; chance: 1.000000",
      "name: respawn_point_01; offset: -3; type: floor; chance: 1.000000",
      "name: respawn_point_02; offset: -2; type: floor; chance: 1.000000",
      "name: respawn_point_03; offset: -3; type: floor; chance: 1.000000",
      "name: respawn_point_04; offset: -2; type: floor; chance: 1.000000",
      "name: spawn_altar_ladder; offset: -2; type: floor; chance: 1.000000"
    ]
  },
  "generator_nether_swampland": {
    "cap_gen_density[def: 0.8]": 0.8,
    "cap_gen_limit[def: true]": true,
    "willow_density[def: 0.1]": 0.1,
    "willow_limit[def: false]": false,
    "nether_reed_density[def: 0.8]": 0.8,
    "nether_reed_limit[def: false]": false,
    "soul_vein_density[def: 0.5]": 0.5,
    "soul_vein_limit[def: false]": false,
    "smoker_density[def: 0.1]": 0.1,
    "smoker_limit[def: false]": false,
    "black_bush_density[def: 0.02]": 0.02,
    "black_bush_limit[def: false]": false,
    "nether_grass_density[def: 0.4]": 0.4,
    "nether_grass_limit[def: false]": false,
    "black_vine_density[def: 0.4]": 0.4,
    "black_vine_limit[def: false]": false,
    "wall_moss_density[def: 0.8]": 0.8,
    "wall_moss_limit[def: true]": true,
    "wall_red_mushroom_density[def: 0.8]": 0.8,
    "wall_red_mushroom_limit[def: true]": true,
    "wall_brown_mushroom_density[def: 0.8]": 0.8,
    "wall_brown_mushroom_limit[def: true]": true,
    "structures": [
      "name: altar_01; offset: -2; type: floor; chance: 1.000000",
      "name: altar_02; offset: -4; type: floor; chance: 1.000000",
      "name: altar_03; offset: -3; type: floor; chance: 1.000000",
      "name: altar_04; offset: -3; type: floor; chance: 1.000000",
      "name: altar_05; offset: -2; type: floor; chance: 1.000000",
      "name: altar_06; offset: -2; type: floor; chance: 1.000000",
      "name: altar_07; offset: -2; type: floor; chance: 1.000000",
      "name: altar_08; offset: -2; type: floor; chance: 1.000000",
      "name: portal_01; offset: -4; type: floor; chance: 1.000000",
      "name: portal_02; offset: -3; type: floor; chance: 1.000000",
      "name: garden_01; offset: -3; type: floor; chance: 1.000000",
      "name: garden_02; offset: -2; type: floor; chance: 1.000000",
      "name: pillar_01; offset: -1; type: floor; chance: 1.000000",
      "name: pillar_02; offset: -1; type: floor; chance: 1.000000",
      "name: pillar_03; offset: -1; type: floor; chance: 1.000000",
      "name: pillar_04; offset: -1; type: floor; chance: 1.000000",
      "name: pillar_05; offset: -1; type: floor; chance: 1.000000",
      "name: pillar_06; offset: -1; type: floor; chance: 1.000000",
      "name: respawn_point_01; offset: -3; type: floor; chance: 1.000000",
      "name: respawn_point_02; offset: -2; type: floor; chance: 1.000000",
      "name: respawn_point_03; offset: -3; type: floor; chance: 1.000000",
      "name: respawn_point_04; offset: -2; type: floor; chance: 1.000000",
      "name: spawn_altar_ladder; offset: -2; type: floor; chance: 1.000000"
    ]
  },
  "generator_nether_swampland_terraces": {
    "cap_gen_density[def: 0.8]": 0.8,
    "cap_gen_limit[def: true]": true,
    "willow_density[def: 0.1]": 0.1,
    "willow_limit[def: false]": false,
    "nether_reed_density[def: 0.8]": 0.8,
    "nether_reed_limit[def: false]": false,
    "soul_vein_density[def: 0.5]": 0.5,
    "soul_vein_limit[def: false]": false,
    "smoker_density[def: 0.1]": 0.1,
    "smoker_limit[def: false]": false,
    "black_bush_density[def: 0.02]": 0.02,
    "black_bush_limit[def: false]": false,
    "nether_grass_density[def: 0.4]": 0.4,
    "nether_grass_limit[def: false]": false,
    "black_vine_density[def: 0.4]": 0.4,
    "black_vine_limit[def: false]": false,
    "wall_moss_density[def: 0.8]": 0.8,
    "wall_moss_limit[def: true]": true,
    "wall_red_mushroom_density[def: 0.8]": 0.8,
    "wall_red_mushroom_limit[def: true]": true,
    "wall_brown_mushroom_density[def: 0.8]": 0.8,
    "wall_brown_mushroom_limit[def: true]": true,
    "structures": [
      "name: altar_01; offset: -2; type: floor; chance: 1.000000",
      "name: altar_02; offset: -4; type: floor; chance: 1.000000",
      "name: altar_03; offset: -3; type: floor; chance: 1.000000",
      "name: altar_04; offset: -3; type: floor; chance: 1.000000",
      "name: altar_05; offset: -2; type: floor; chance: 1.000000",
      "name: altar_06; offset: -2; type: floor; chance: 1.000000",
      "name: altar_07; offset: -2; type: floor; chance: 1.000000",
      "name: altar_08; offset: -2; type: floor; chance: 1.000000",
      "name: portal_01; offset: -4; type: floor; chance: 1.000000",
      "name: portal_02; offset: -3; type: floor; chance: 1.000000",
      "name: garden_01; offset: -3; type: floor; chance: 1.000000",
      "name: garden_02; offset: -2; type: floor; chance: 1.000000",
      "name: pillar_01; offset: -1; type: floor; chance: 1.000000",
      "name: pillar_02; offset: -1; type: floor; chance: 1.000000",
      "name: pillar_03; offset: -1; type: floor; chance: 1.000000",
      "name: pillar_04; offset: -1; type: floor; chance: 1.000000",
      "name: pillar_05; offset: -1; type: floor; chance: 1.000000",
      "name: pillar_06; offset: -1; type: floor; chance: 1.000000",
      "name: respawn_point_01; offset: -3; type: floor; chance: 1.000000",
      "name: respawn_point_02; offset: -2; type: floor; chance: 1.000000",
      "name: respawn_point_03; offset: -3; type: floor; chance: 1.000000",
      "name: respawn_point_04; offset: -2; type: floor; chance: 1.000000",
      "name: spawn_altar_ladder; offset: -2; type: floor; chance: 1.000000"
    ]
  },
  "generator_magma_land": {
    "cap_gen_density[def: 0.8]": 0.8,
    "cap_gen_limit[def: true]": true,
    "geyser_density[def: 0.1]": 0.1,
    "geyser_limit[def: false]": false,
    "magma_flower_density[def: 0.4]": 0.4,
    "magma_flower_limit[def: false]": false,
    "golden_vine_density[def: 0.2]": 0.2,
    "golden_vine_limit[def: true]": true,
    "structures": [
      "name: altar_01; offset: -2; type: floor; chance: 1.000000",
      "name: altar_02; offset: -4; type: floor; chance: 1.000000",
      "name: altar_03; offset: -3; type: floor; chance: 1.000000",
      "name: altar_04; offset: -3; type: floor; chance: 1.000000",
      "name: altar_05; offset: -2; type: floor; chance: 1.000000",
      "name: altar_06; offset: -2; type: floor; chance: 1.000000",
      "name: altar_07; offset: -2; type: floor; chance: 1.000000",
      "name: altar_08; offset: -2; type: floor; chance: 1.000000",
      "name: portal_01; offset: -4; type: floor; chance: 1.000000",
      "name: portal_02; offset: -3; type: floor; chance: 1.000000",
      "name: garden_01; offset: -3; type: floor; chance: 1.000000",
      "name: garden_02; offset: -2; type: floor; chance: 1.000000",
      "name: pillar_01; offset: -1; type: floor; chance: 1.000000",
      "name: pillar_02; offset: -1; type: floor; chance: 1.000000",
      "name: pillar_03; offset: -1; type: floor; chance: 1.000000",
      "name: pillar_04; offset: -1; type: floor; chance: 1.000000",
      "name: pillar_05; offset: -1; type: floor; chance: 1.000000",
      "name: pillar_06; offset: -1; type: floor; chance: 1.000000",
      "name: respawn_point_01; offset: -3; type: floor; chance: 1.000000",
      "name: respawn_point_02; offset: -2; type: floor; chance: 1.000000",
      "name: respawn_point_03; offset: -3; type: floor; chance: 1.000000",
      "name: respawn_point_04; offset: -2; type: floor; chance: 1.000000",
      "name: spawn_altar_ladder; offset: -2; type: floor; chance: 1.000000"
    ]
  },
  "generator_soul_plain": {
    "cap_gen_density[def: 0.8]": 0.8,
    "cap_gen_limit[def: true]": true,
    "soul_vein_density[def: 0.5]": 0.5,
    "soul_vein_limit[def: true]": true,
    "black_bush_density[def: 0.02]": 0.02,
    "black_bush_limit[def: false]": false,
    "soul_grass_density[def: 0.3]": 0.3,
    "soul_grass_limit[def: false]": false,
    "structures": [
      "name: altar_01; offset: -2; type: floor; chance: 1.000000",
      "name: altar_02; offset: -4; type: floor; chance: 1.000000",
      "name: altar_03; offset: -3; type: floor; chance: 1.000000",
      "name: altar_04; offset: -3; type: floor; chance: 1.000000",
      "name: altar_05; offset: -2; type: floor; chance: 1.000000",
      "name: altar_06; offset: -2; type: floor; chance: 1.000000",
      "name: altar_07; offset: -2; type: floor; chance: 1.000000",
      "name: altar_08; offset: -2; type: floor; chance: 1.000000",
      "name: portal_01; offset: -4; type: floor; chance: 1.000000",
      "name: portal_02; offset: -3; type: floor; chance: 1.000000",
      "name: garden_01; offset: -3; type: floor; chance: 1.000000",
      "name: garden_02; offset: -2; type: floor; chance: 1.000000",
      "name: pillar_01; offset: -1; type: floor; chance: 1.000000",
      "name: pillar_02; offset: -1; type: floor; chance: 1.000000",
      "name: pillar_03; offset: -1; type: floor; chance: 1.000000",
      "name: pillar_04; offset: -1; type: floor; chance: 1.000000",
      "name: pillar_05; offset: -1; type: floor; chance: 1.000000",
      "name: pillar_06; offset: -1; type: floor; chance: 1.000000",
      "name: respawn_point_01; offset: -3; type: floor; chance: 1.000000",
      "name: respawn_point_02; offset: -2; type: floor; chance: 1.000000",
      "name: respawn_point_03; offset: -3; type: floor; chance: 1.000000",
      "name: respawn_point_04; offset: -2; type: floor; chance: 1.000000",
      "name: spawn_altar_ladder; offset: -2; type: floor; chance: 1.000000"
    ]
  },
  "generator_soul_forest": {
    "cap_gen_density[def: 0.8]": 0.8,
    "cap_gen_limit[def: true]": true,
    "soul_vein_density[def: 0.5]": 0.5,
    "soul_vein_limit[def: true]": true,
    "black_bush_density[def: 0.02]": 0.02,
    "black_bush_limit[def: false]": false,
    "soul_grass_density[def: 0.3]": 0.3,
    "soul_grass_limit[def: false]": false,
    "soul_lily_density[def: 0.5]": 0.5,
    "soul_lily_limit[def: false]": false
  },
  "biomes": {
    "empty_nether[def: true]": true,
    "empty_nether_chance[def: 1.0]": 1.0,
    "gravel_desert[def: true]": true,
    "gravel_desert_chance[def: 1.0]": 1.0,
    "nether_jungle[def: true]": true,
    "nether_jungle_chance[def: 1.0]": 1.0,
    "wart_forest[def: true]": true,
    "wart_forest_chance[def: 1.0]": 1.0,
    "nether_grasslands[def: true]": true,
    "nether_grasslands_chance[def: 1.0]": 1.0,
    "nether_mushroom_forest[def: true]": true,
    "nether_mushroom_forest_chance[def: 1.0]": 1.0,
    "nether_mushroom_forest_edge[def: true]": true,
    "nether_wart_forest_edge[def: true]": true,
    "bone_reef[def: true]": true,
    "bone_reef_subchance[def: 0.3]": 0.3,
    "poor_nether_grasslands[def: true]": true,
    "poor_nether_grasslands_subchance[def: 0.3]": 0.3,
    "nether_swampland[def: true]": true,
    "nether_swampland_chance[def: 1.0]": 1.0,
    "nether_swampland_terraces[def: true]": true,
    "nether_swampland_terraces_subchance[def: 1.0]": 1.0,
    "magma_land[def: true]": true,
    "magma_land_chance[def: 1.0]": 1.0,
    "soul_plain[def: true]": true,
    "soul_plain_subchance[def: 1.0]": 1.0
  },
  "generator_world": {
    "terrain_cleaning_pass[def: true]": true,
    "world_fixing_pass[def: true]": true,
    "cincinnasite_ore_density[def: 9.765625E-4]": 9.765625E-4,
    "structures_density[def: 0.015625]": 0.015625,
    "biome_size_xz[def: 128]": 128,
    "biome_size_y[def: 32]": 32,
    "generate_cities[def: true]": true
  }
}