{
  "indrev:cable_mk1": {
    "criteria": {
      "checkInv": "2020-11-17 09:53:17 -0500"
    },
    "done": true
  },
  "indrev:advanced_solar_generator": {
    "criteria": {
      "checkInv": "2020-11-17 09:52:50 -0500"
    },
    "done": true
  },
  "indrev:pulverizer": {
    "criteria": {
      "checkInv": "2020-11-17 09:52:57 -0500"
    },
    "done": true
  },
  "indrev:electric_furnace": {
    "criteria": {
      "checkInv": "2020-11-17 09:53:05 -0500"
    },
    "done": true
  },
  "minecraft:adventure/adventuring_time": {
    "criteria": {
      "minecraft:taiga": "2020-11-17 09:52:02 -0500"
    },
    "done": false
  },
  "DataVersion": 2584
}